"United Arab Emirates March 29, 2020 - AE_Mobility_Repor.csv"
 ,Retail & recreation,-55%,Sun Feb 16,Sun Mar 29
 ,Grocery & pharmacy,-26%,Sun Feb 16,Sun Mar 29
 ,Parks,-53%,Sun Feb 16,Sun Mar 29
 ,Transit stations,-69%,Sun Feb 16,Sun Mar 29
 ,Workplaces,-45%,Sun Feb 16,Sun Mar 29
 ,Residential,+26%,Sun Feb 16,Sun Mar 29
"Afghanistan March 29, 2020 - AF_Mobility_Repor.csv"
 ,Retail & recreation,-38%,Sun Feb 16,Sun Mar 29
 ,Grocery & pharmacy,-21%,Sun Feb 16,Sun Mar 29
 ,Parks,-13%,Sun Feb 16,Sun Mar 29
 ,Transit stations,-34%,Sun Feb 16,Sun Mar 29
 ,Workplaces,-33%,Sun Feb 16,Sun Mar 29
 ,Residential,+10%,Sun Feb 16,Sun Mar 29
"Antigua and Barbuda March 29, 2020 - AG_Mobility_Repor.csv"
 ,Retail & recreation,-46%,Sun Feb 16,Sun Mar 29
 ,Grocery & pharmacy,-21%,Sun Feb 16,Sun Mar 29
 ,Parks,-30%,Sun Feb 16,Sun Mar 29
 ,Transit stations,-67%,Sun Feb 16,Sun Mar 29
 ,Workplaces,-48%,Sun Feb 16,Sun Mar 29
 ,Residential,+17%,Sun Feb 16,Sun Mar 29
"Angola March 29, 2020 - AO_Mobility_Repor.csv"
 ,Retail & recreation,-61%,Sun Feb 16,Sun Mar 29
 ,Grocery & pharmacy,-40%,Sun Feb 16,Sun Mar 29
 ,Parks,-39%,Sun Feb 16,Sun Mar 29
 ,Transit stations,-57%,Sun Feb 16,Sun Mar 29
 ,Workplaces,-11%,Sun Feb 16,Sun Mar 29
 ,Residential,+22%,Sun Feb 16,Sun Mar 29
"Argentina March 29, 2020 - AR_Mobility_Repor.csv"
 ,Retail & recreation,-86%,Sun Feb 16,Sun Mar 29
 ,Grocery & pharmacy,-61%,Sun Feb 16,Sun Mar 29
 ,Parks,-89%,Sun Feb 16,Sun Mar 29
 ,Transit stations,-80%,Sun Feb 16,Sun Mar 29
 ,Workplaces,-57%,Sun Feb 16,Sun Mar 29
 ,Residential,+27%,Sun Feb 16,Sun Mar 29
"Austria March 29, 2020 - AT_Mobility_Repor.csv"
 ,Retail & recreation,-87%,Sun Feb 16,Sun Mar 29
 ,Grocery & pharmacy,-64%,Sun Feb 16,Sun Mar 29
 ,Parks,-43%,Sun Feb 16,Sun Mar 29
 ,Transit stations,-71%,Sun Feb 16,Sun Mar 29
 ,Workplaces,-51%,Sun Feb 16,Sun Mar 29
 ,Residential,+14%,Sun Feb 16,Sun Mar 29
"Australia March 29, 2020 - AU_Mobility_Repor.csv"
 ,Retail & recreation,-45%,Sun Feb 16,Sun Mar 29
 ,Grocery & pharmacy,-19%,Sun Feb 16,Sun Mar 29
 ,Parks,-35%,Sun Feb 16,Sun Mar 29
 ,Transit stations,-58%,Sun Feb 16,Sun Mar 29
 ,Workplaces,-33%,Sun Feb 16,Sun Mar 29
 ,Residential,+13%,Sun Feb 16,Sun Mar 29
"Aruba March 29, 2020 - AW_Mobility_Repor.csv"
 ,Retail & recreation,-88%,Sun Feb 16,Sun Mar 29
 ,Grocery & pharmacy,-66%,Sun Feb 16,Sun Mar 29
 ,Parks,-80%,Sun Feb 16,Sun Mar 29
 ,Transit stations,-88%,Sun Feb 16,Sun Mar 29
 ,Workplaces,-72%,Sun Feb 16,Sun Mar 29
 ,Residential,+20%,Sun Feb 16,Sun Mar 29
"Bosnia and Herzegovina March 29, 2020 - BA_Mobility_Repor.csv"
 ,Retail & recreation,-76%,Sun Feb 16,Sun Mar 29
 ,Grocery & pharmacy,-50%,Sun Feb 16,Sun Mar 29
 ,Parks,-22%,Sun Feb 16,Sun Mar 29
 ,Transit stations,-59%,Sun Feb 16,Sun Mar 29
 ,Workplaces,-50%,Sun Feb 16,Sun Mar 29
 ,Residential,+13%,Sun Feb 16,Sun Mar 29
"Barbados March 29, 2020 - BB_Mobility_Repor.csv"
 ,Retail & recreation,-70%,Sun Feb 16,Sun Mar 29
 ,Grocery & pharmacy,-47%,Sun Feb 16,Sun Mar 29
 ,Parks,-60%,Sun Feb 16,Sun Mar 29
 ,Transit stations,-77%,Sun Feb 16,Sun Mar 29
 ,Workplaces,-52%,Sun Feb 16,Sun Mar 29
 ,Residential,+15%,Sun Feb 16,Sun Mar 29
"Bangladesh March 29, 2020 - BD_Mobility_Repor.csv"
 ,Retail & recreation,-68%,Sun Feb 16,Sun Mar 29
 ,Grocery & pharmacy,-46%,Sun Feb 16,Sun Mar 29
 ,Parks,-26%,Sun Feb 16,Sun Mar 29
 ,Transit stations,-66%,Sun Feb 16,Sun Mar 29
 ,Workplaces,-60%,Sun Feb 16,Sun Mar 29
 ,Residential,+24%,Sun Feb 16,Sun Mar 29
"Belgium March 29, 2020 - BE_Mobility_Repor.csv"
 ,Retail & recreation,-84%,Sun Feb 16,Sun Mar 29
 ,Grocery & pharmacy,-53%,Sun Feb 16,Sun Mar 29
 ,Parks,-66%,Sun Feb 16,Sun Mar 29
 ,Transit stations,-76%,Sun Feb 16,Sun Mar 29
 ,Workplaces,-52%,Sun Feb 16,Sun Mar 29
 ,Residential,+17%,Sun Feb 16,Sun Mar 29
"Burkina Faso March 29, 2020 - BF_Mobility_Repor.csv"
 ,Retail & recreation,-34%,Sun Feb 16,Sun Mar 29
 ,Grocery & pharmacy,-25%,Sun Feb 16,Sun Mar 29
 ,Parks,-22%,Sun Feb 16,Sun Mar 29
 ,Transit stations,-53%,Sun Feb 16,Sun Mar 29
 ,Workplaces,-3%,Sun Feb 16,Sun Mar 29
 ,Residential,+15%,Sun Feb 16,Sun Mar 29
"Bulgaria March 29, 2020 - BG_Mobility_Repor.csv"
 ,Retail & recreation,-66%,Sun Feb 16,Sun Mar 29
 ,Grocery & pharmacy,-36%,Sun Feb 16,Sun Mar 29
 ,Parks,-32%,Sun Feb 16,Sun Mar 29
 ,Transit stations,-58%,Sun Feb 16,Sun Mar 29
 ,Workplaces,-29%,Sun Feb 16,Sun Mar 29
 ,Residential,+11%,Sun Feb 16,Sun Mar 29
"Bahrain March 29, 2020 - BH_Mobility_Repor.csv"
 ,Retail & recreation,-45%,Sun Feb 16,Sun Mar 29
 ,Grocery & pharmacy,-22%,Sun Feb 16,Sun Mar 29
 ,Parks,-40%,Sun Feb 16,Sun Mar 29
 ,Transit stations,-38%,Sun Feb 16,Sun Mar 29
 ,Workplaces,-25%,Sun Feb 16,Sun Mar 29
 ,Residential,+16%,Sun Feb 16,Sun Mar 29
"Benin March 29, 2020 - BJ_Mobility_Repor.csv"
 ,Retail & recreation,-16%,Sun Feb 16,Sun Mar 29
 ,Grocery & pharmacy,+0%,Sun Feb 16,Sun Mar 29
 ,Parks,+10%,Sun Feb 16,Sun Mar 29
 ,Transit stations,-14%,Sun Feb 16,Sun Mar 29
 ,Workplaces,+2%,Sun Feb 16,Sun Mar 29
 ,Residential,+5%,Sun Feb 16,Sun Mar 29
"Bolivia March 29, 2020 - BO_Mobility_Repor.csv"
 ,Retail & recreation,-93%,Sun Feb 16,Sun Mar 29
 ,Grocery & pharmacy,-94%,Sun Feb 16,Sun Mar 29
 ,Parks,-89%,Sun Feb 16,Sun Mar 29
 ,Transit stations,-92%,Sun Feb 16,Sun Mar 29
 ,Workplaces,-72%,Sun Feb 16,Sun Mar 29
 ,Residential,+35%,Sun Feb 16,Sun Mar 29
"Brazil March 29, 2020 - BR_Mobility_Repor.csv"
 ,Retail & recreation,-71%,Sun Feb 16,Sun Mar 29
 ,Grocery & pharmacy,-35%,Sun Feb 16,Sun Mar 29
 ,Parks,-70%,Sun Feb 16,Sun Mar 29
 ,Transit stations,-62%,Sun Feb 16,Sun Mar 29
 ,Workplaces,-34%,Sun Feb 16,Sun Mar 29
 ,Residential,+17%,Sun Feb 16,Sun Mar 29
The Bahamas - BS_Mobility_Repor.csv
 ,Retail & recreation,-67%,Sun Feb 16,Sun Mar 29
 ,Grocery & pharmacy,-34%,Sun Feb 16,Sun Mar 29
 ,Parks,-48%,Sun Feb 16,Sun Mar 29
 ,Transit stations,-87%,Sun Feb 16,Sun Mar 29
 ,Workplaces,-52%,Sun Feb 16,Sun Mar 29
 ,Residential,+19%,Sun Feb 16,Sun Mar 29
"Botswana March 29, 2020 - BW_Mobility_Repor.csv"
 ,Retail & recreation,-12%,Sun Feb 16,Sun Mar 29
 ,Grocery & pharmacy,-2%,Sun Feb 16,Sun Mar 29
 ,Parks,+7%,Sun Feb 16,Sun Mar 29
 ,Transit stations,-20%,Sun Feb 16,Sun Mar 29
 ,Workplaces,-3%,Sun Feb 16,Sun Mar 29
 ,Residential,+13%,Sun Feb 16,Sun Mar 29
"Belarus March 29, 2020 - BY_Mobility_Repor.csv"
 ,Retail & recreation,-14%,Sun Feb 16,Sun Mar 29
 ,Grocery & pharmacy,+5%,Sun Feb 16,Sun Mar 29
 ,Parks,+41%,Sun Feb 16,Sun Mar 29
 ,Transit stations,-7%,Sun Feb 16,Sun Mar 29
 ,Workplaces,+3%,Sun Feb 16,Sun Mar 29
 ,Residential,-2%,Sun Feb 16,Sun Mar 29
"Belize March 29, 2020 - BZ_Mobility_Repor.csv"
 ,Retail & recreation,-63%,Sun Feb 16,Sun Mar 29
 ,Grocery & pharmacy,-49%,Sun Feb 16,Sun Mar 29
 ,Parks,-38%,Sun Feb 16,Sun Mar 29
 ,Transit stations,-68%,Sun Feb 16,Sun Mar 29
 ,Workplaces,-42%,Sun Feb 16,Sun Mar 29
 ,Residential,+13%,Sun Feb 16,Sun Mar 29
"Canada March 29, 2020 - CA_Mobility_Repor.csv"
 ,Retail & recreation,-59%,Sun Feb 16,Sun Mar 29
 ,Grocery & pharmacy,-35%,Sun Feb 16,Sun Mar 29
 ,Parks,-16%,Sun Feb 16,Sun Mar 29
 ,Transit stations,-66%,Sun Feb 16,Sun Mar 29
 ,Workplaces,-44%,Sun Feb 16,Sun Mar 29
 ,Residential,+14%,Sun Feb 16,Sun Mar 29
"Switzerland March 29, 2020 - CH_Mobility_Repor.csv"
 ,Retail & recreation,-81%,Sun Feb 16,Sun Mar 29
 ,Grocery & pharmacy,-51%,Sun Feb 16,Sun Mar 29
 ,Parks,-41%,Sun Feb 16,Sun Mar 29
 ,Transit stations,-68%,Sun Feb 16,Sun Mar 29
 ,Workplaces,-46%,Sun Feb 16,Sun Mar 29
 ,Residential,+15%,Sun Feb 16,Sun Mar 29
Côte d'Ivoire - CI_Mobility_Repor.csv
 ,Retail & recreation,-35%,Sun Feb 16,Sun Mar 29
 ,Grocery & pharmacy,-21%,Sun Feb 16,Sun Mar 29
 ,Parks,-21%,Sun Feb 16,Sun Mar 29
 ,Transit stations,-33%,Sun Feb 16,Sun Mar 29
 ,Workplaces,-9%,Sun Feb 16,Sun Mar 29
 ,Residential,+14%,Sun Feb 16,Sun Mar 29
"Chile March 29, 2020 - CL_Mobility_Repor.csv"
 ,Retail & recreation,-73%,Sun Feb 16,Sun Mar 29
 ,Grocery & pharmacy,-55%,Sun Feb 16,Sun Mar 29
 ,Parks,-72%,Sun Feb 16,Sun Mar 29
 ,Transit stations,-64%,Sun Feb 16,Sun Mar 29
 ,Workplaces,-42%,Sun Feb 16,Sun Mar 29
 ,Residential,+24%,Sun Feb 16,Sun Mar 29
"Cameroon March 29, 2020 - CM_Mobility_Repor.csv"
 ,Retail & recreation,-26%,Sun Feb 16,Sun Mar 29
 ,Grocery & pharmacy,-20%,Sun Feb 16,Sun Mar 29
 ,Parks,-19%,Sun Feb 16,Sun Mar 29
 ,Transit stations,-23%,Sun Feb 16,Sun Mar 29
 ,Workplaces,-3%,Sun Feb 16,Sun Mar 29
 ,Residential,+9%,Sun Feb 16,Sun Mar 29
"Colombia March 29, 2020 - CO_Mobility_Repor.csv"
 ,Retail & recreation,-86%,Sun Feb 16,Sun Mar 29
 ,Grocery & pharmacy,-68%,Sun Feb 16,Sun Mar 29
 ,Parks,-80%,Sun Feb 16,Sun Mar 29
 ,Transit stations,-82%,Sun Feb 16,Sun Mar 29
 ,Workplaces,-58%,Sun Feb 16,Sun Mar 29
 ,Residential,+26%,Sun Feb 16,Sun Mar 29
"Costa Rica March 29, 2020 - CR_Mobility_Repor.csv"
 ,Retail & recreation,-68%,Sun Feb 16,Sun Mar 29
 ,Grocery & pharmacy,-41%,Sun Feb 16,Sun Mar 29
 ,Parks,-71%,Sun Feb 16,Sun Mar 29
 ,Transit stations,-68%,Sun Feb 16,Sun Mar 29
 ,Workplaces,-39%,Sun Feb 16,Sun Mar 29
 ,Residential,+21%,Sun Feb 16,Sun Mar 29
"Cape Verde March 29, 2020 - CV_Mobility_Repor.csv"
 ,Retail & recreation,-60%,Sun Feb 16,Sun Mar 29
 ,Grocery & pharmacy,-48%,Sun Feb 16,Sun Mar 29
 ,Parks,-57%,Sun Feb 16,Sun Mar 29
 ,Transit stations,-88%,Sun Feb 16,Sun Mar 29
 ,Workplaces,-40%,Sun Feb 16,Sun Mar 29
 ,Residential,+19%,Sun Feb 16,Sun Mar 29
"Czechia March 29, 2020 - CZ_Mobility_Repor.csv"
 ,Retail & recreation,-73%,Sun Feb 16,Sun Mar 29
 ,Grocery & pharmacy,-26%,Sun Feb 16,Sun Mar 29
 ,Parks,-24%,Sun Feb 16,Sun Mar 29
 ,Transit stations,-61%,Sun Feb 16,Sun Mar 29
 ,Workplaces,-31%,Sun Feb 16,Sun Mar 29
 ,Residential,+11%,Sun Feb 16,Sun Mar 29
"Germany March 29, 2020 - DE_Mobility_Repor.csv"
 ,Retail & recreation,-77%,Sun Feb 16,Sun Mar 29
 ,Grocery & pharmacy,-51%,Sun Feb 16,Sun Mar 29
 ,Parks,-49%,Sun Feb 16,Sun Mar 29
 ,Transit stations,-68%,Sun Feb 16,Sun Mar 29
 ,Workplaces,-39%,Sun Feb 16,Sun Mar 29
 ,Residential,+11%,Sun Feb 16,Sun Mar 29
"Denmark March 29, 2020 - DK_Mobility_Repor.csv"
 ,Retail & recreation,-37%,Sun Feb 16,Sun Mar 29
 ,Grocery & pharmacy,-22%,Sun Feb 16,Sun Mar 29
 ,Parks,+35%,Sun Feb 16,Sun Mar 29
 ,Transit stations,-60%,Sun Feb 16,Sun Mar 29
 ,Workplaces,-28%,Sun Feb 16,Sun Mar 29
 ,Residential,+9%,Sun Feb 16,Sun Mar 29
"Dominican Republic March 29, 2020 - DO_Mobility_Repor.csv"
 ,Retail & recreation,-80%,Sun Feb 16,Sun Mar 29
 ,Grocery & pharmacy,-63%,Sun Feb 16,Sun Mar 29
 ,Parks,-73%,Sun Feb 16,Sun Mar 29
 ,Transit stations,-84%,Sun Feb 16,Sun Mar 29
 ,Workplaces,-56%,Sun Feb 16,Sun Mar 29
 ,Residential,+23%,Sun Feb 16,Sun Mar 29
"Ecuador March 29, 2020 - EC_Mobility_Repor.csv"
 ,Retail & recreation,-84%,Sun Feb 16,Sun Mar 29
 ,Grocery & pharmacy,-66%,Sun Feb 16,Sun Mar 29
 ,Parks,-66%,Sun Feb 16,Sun Mar 29
 ,Transit stations,-66%,Sun Feb 16,Sun Mar 29
 ,Workplaces,-61%,Sun Feb 16,Sun Mar 29
 ,Residential,+26%,Sun Feb 16,Sun Mar 29
"Estonia March 29, 2020 - EE_Mobility_Repor.csv"
 ,Retail & recreation,-60%,Sun Feb 16,Sun Mar 29
 ,Grocery & pharmacy,-28%,Sun Feb 16,Sun Mar 29
 ,Parks,+4%,Sun Feb 16,Sun Mar 29
 ,Transit stations,-51%,Sun Feb 16,Sun Mar 29
 ,Workplaces,-32%,Sun Feb 16,Sun Mar 29
 ,Residential,+10%,Sun Feb 16,Sun Mar 29
"Egypt March 29, 2020 - EG_Mobility_Repor.csv"
 ,Retail & recreation,-50%,Sun Feb 16,Sun Mar 29
 ,Grocery & pharmacy,-24%,Sun Feb 16,Sun Mar 29
 ,Parks,-40%,Sun Feb 16,Sun Mar 29
 ,Transit stations,-52%,Sun Feb 16,Sun Mar 29
 ,Workplaces,-35%,Sun Feb 16,Sun Mar 29
 ,Residential,+15%,Sun Feb 16,Sun Mar 29
"Spain March 29, 2020 - ES_Mobility_Repor.csv"
 ,Retail & recreation,-94%,Sun Feb 16,Sun Mar 29
 ,Grocery & pharmacy,-76%,Sun Feb 16,Sun Mar 29
 ,Parks,-89%,Sun Feb 16,Sun Mar 29
 ,Transit stations,-88%,Sun Feb 16,Sun Mar 29
 ,Workplaces,-64%,Sun Feb 16,Sun Mar 29
 ,Residential,+22%,Sun Feb 16,Sun Mar 29
"Finland March 29, 2020 - FI_Mobility_Repor.csv"
 ,Retail & recreation,-52%,Sun Feb 16,Sun Mar 29
 ,Grocery & pharmacy,-21%,Sun Feb 16,Sun Mar 29
 ,Parks,+48%,Sun Feb 16,Sun Mar 29
 ,Transit stations,-59%,Sun Feb 16,Sun Mar 29
 ,Workplaces,-25%,Sun Feb 16,Sun Mar 29
 ,Residential,+9%,Sun Feb 16,Sun Mar 29
"Fiji March 29, 2020 - FJ_Mobility_Repor.csv"
 ,Retail & recreation,-39%,Sun Feb 16,Sun Mar 29
 ,Grocery & pharmacy,-25%,Sun Feb 16,Sun Mar 29
 ,Parks,-13%,Sun Feb 16,Sun Mar 29
 ,Transit stations,-59%,Sun Feb 16,Sun Mar 29
 ,Workplaces,-6%,Sun Feb 16,Sun Mar 29
 ,Residential,+12%,Sun Feb 16,Sun Mar 29
"France March 29, 2020 - FR_Mobility_Repor.csv"
 ,Retail & recreation,-88%,Sun Feb 16,Sun Mar 29
 ,Grocery & pharmacy,-72%,Sun Feb 16,Sun Mar 29
 ,Parks,-82%,Sun Feb 16,Sun Mar 29
 ,Transit stations,-87%,Sun Feb 16,Sun Mar 29
 ,Workplaces,-56%,Sun Feb 16,Sun Mar 29
 ,Residential,+18%,Sun Feb 16,Sun Mar 29
"Gabon March 29, 2020 - GA_Mobility_Repor.csv"
 ,Retail & recreation,-39%,Sun Feb 16,Sun Mar 29
 ,Grocery & pharmacy,-24%,Sun Feb 16,Sun Mar 29
 ,Parks,-25%,Sun Feb 16,Sun Mar 29
 ,Transit stations,-47%,Sun Feb 16,Sun Mar 29
 ,Workplaces,-15%,Sun Feb 16,Sun Mar 29
 ,Residential,+15%,Sun Feb 16,Sun Mar 29
"United Kingdom March 29, 2020 - GB_Mobility_Repor.csv"
 ,Retail & recreation,-85%,Sun Feb 16,Sun Mar 29
 ,Grocery & pharmacy,-46%,Sun Feb 16,Sun Mar 29
 ,Parks,-52%,Sun Feb 16,Sun Mar 29
 ,Transit stations,-75%,Sun Feb 16,Sun Mar 29
 ,Workplaces,-55%,Sun Feb 16,Sun Mar 29
 ,Residential,+15%,Sun Feb 16,Sun Mar 29
"Georgia March 29, 2020 - GE_Mobility_Repor.csv"
 ,Retail & recreation,-67%,Sun Feb 16,Sun Mar 29
 ,Grocery & pharmacy,-36%,Sun Feb 16,Sun Mar 29
 ,Parks,-24%,Sun Feb 16,Sun Mar 29
 ,Transit stations,-53%,Sun Feb 16,Sun Mar 29
 ,Workplaces,-38%,Sun Feb 16,Sun Mar 29
 ,Residential,+12%,Sun Feb 16,Sun Mar 29
"Ghana March 29, 2020 - GH_Mobility_Repor.csv"
 ,Retail & recreation,-15%,Sun Feb 16,Sun Mar 29
 ,Grocery & pharmacy,+8%,Sun Feb 16,Sun Mar 29
 ,Parks,-15%,Sun Feb 16,Sun Mar 29
 ,Transit stations,-15%,Sun Feb 16,Sun Mar 29
 ,Workplaces,+3%,Sun Feb 16,Sun Mar 29
 ,Residential,+9%,Sun Feb 16,Sun Mar 29
"Greece March 29, 2020 - GR_Mobility_Repor.csv"
 ,Retail & recreation,-80%,Sun Feb 16,Sun Mar 29
 ,Grocery & pharmacy,-41%,Sun Feb 16,Sun Mar 29
 ,Parks,-55%,Sun Feb 16,Sun Mar 29
 ,Transit stations,-76%,Sun Feb 16,Sun Mar 29
 ,Workplaces,-53%,Sun Feb 16,Sun Mar 29
 ,Residential,+20%,Sun Feb 16,Sun Mar 29
"Guatemala March 29, 2020 - GT_Mobility_Repor.csv"
 ,Retail & recreation,-67%,Sun Feb 16,Sun Mar 29
 ,Grocery & pharmacy,-39%,Sun Feb 16,Sun Mar 29
 ,Parks,-53%,Sun Feb 16,Sun Mar 29
 ,Transit stations,-69%,Sun Feb 16,Sun Mar 29
 ,Workplaces,-39%,Sun Feb 16,Sun Mar 29
 ,Residential,+19%,Sun Feb 16,Sun Mar 29
Guinea-Bissau - GW_Mobility_Repor.csv
 ,Retail & recreation,-50%,Sun Feb 16,Sun Mar 29
 ,Grocery & pharmacy,-11%,Sun Feb 16,Sun Mar 29
 ,Transit stations,-25%,Sun Feb 16,Sun Mar 29
 ,Workplaces,Not enough data for this date,Sun Feb 16,Sun Mar 29
"Hong Kong March 29, 2020 - HK_Mobility_Repor.csv"
 ,Retail & recreation,-35%,Sun Feb 16,Sun Mar 29
 ,Parks,-43%,Sun Feb 16,Sun Mar 29
 ,Transit stations,-45%,Sun Feb 16,Sun Mar 29
 ,Workplaces,-24%,Sun Feb 16,Sun Mar 29
 ,Residential,+16%,Sun Feb 16,Sun Mar 29
"Honduras March 29, 2020 - HN_Mobility_Repor.csv"
 ,Retail & recreation,-81%,Sun Feb 16,Sun Mar 29
 ,Parks,-59%,Sun Feb 16,Sun Mar 29
 ,Transit stations,-74%,Sun Feb 16,Sun Mar 29
 ,Workplaces,-46%,Sun Feb 16,Sun Mar 29
 ,Residential,+20%,Sun Feb 16,Sun Mar 29
"Croatia March 29, 2020 - HR_Mobility_Repor.csv"
 ,Retail & recreation,-82%,Sun Feb 16,Sun Mar 29
 ,Parks,-45%,Sun Feb 16,Sun Mar 29
 ,Transit stations,-74%,Sun Feb 16,Sun Mar 29
 ,Workplaces,-50%,Sun Feb 16,Sun Mar 29
 ,Residential,+15%,Sun Feb 16,Sun Mar 29
"Haiti March 29, 2020 - HT_Mobility_Repor.csv"
 ,Retail & recreation,-34%,Sun Feb 16,Sun Mar 29
 ,Parks,-19%,Sun Feb 16,Sun Mar 29
 ,Transit stations,-48%,Sun Feb 16,Sun Mar 29
 ,Workplaces,-14%,Sun Feb 16,Sun Mar 29
 ,Residential,+7%,Sun Feb 16,Sun Mar 29
"Hungary March 29, 2020 - HU_Mobility_Repor.csv"
 ,Retail & recreation,-66%,Sun Feb 16,Sun Mar 29
 ,Parks,-7%,Sun Feb 16,Sun Mar 29
 ,Transit stations,-53%,Sun Feb 16,Sun Mar 29
 ,Workplaces,-32%,Sun Feb 16,Sun Mar 29
 ,Residential,+10%,Sun Feb 16,Sun Mar 29
"Indonesia March 29, 2020 - ID_Mobility_Repor.csv"
 ,Retail & recreation,-47%,Sun Feb 16,Sun Mar 29
 ,Parks,-52%,Sun Feb 16,Sun Mar 29
 ,Transit stations,-54%,Sun Feb 16,Sun Mar 29
 ,Workplaces,-15%,Sun Feb 16,Sun Mar 29
 ,Residential,+15%,Sun Feb 16,Sun Mar 29
"Ireland March 29, 2020 - IE_Mobility_Repor.csv"
 ,Retail & recreation,-83%,Sun Feb 16,Sun Mar 29
 ,Parks,-59%,Sun Feb 16,Sun Mar 29
 ,Transit stations,-78%,Sun Feb 16,Sun Mar 29
 ,Workplaces,-52%,Sun Feb 16,Sun Mar 29
 ,Residential,+19%,Sun Feb 16,Sun Mar 29
"Israel March 29, 2020 - IL_Mobility_Repor.csv"
 ,Retail & recreation,-67%,Sun Feb 16,Sun Mar 29
 ,Parks,-56%,Sun Feb 16,Sun Mar 29
 ,Transit stations,-61%,Sun Feb 16,Sun Mar 29
 ,Workplaces,-59%,Sun Feb 16,Sun Mar 29
 ,Residential,+30%,Sun Feb 16,Sun Mar 29
"India March 29, 2020 - IN_Mobility_Repor.csv"
 ,Retail & recreation,-77%,Sun Feb 16,Sun Mar 29
 ,Parks,-57%,Sun Feb 16,Sun Mar 29
 ,Transit stations,-71%,Sun Feb 16,Sun Mar 29
 ,Workplaces,-47%,Sun Feb 16,Sun Mar 29
 ,Residential,+22%,Sun Feb 16,Sun Mar 29
"Iraq March 29, 2020 - IQ_Mobility_Repor.csv"
 ,Retail & recreation,-64%,Sun Feb 16,Sun Mar 29
 ,Parks,-48%,Sun Feb 16,Sun Mar 29
 ,Transit stations,-61%,Sun Feb 16,Sun Mar 29
 ,Workplaces,-55%,Sun Feb 16,Sun Mar 29
 ,Residential,+21%,Sun Feb 16,Sun Mar 29
"Italy March 29, 2020 - IT_Mobility_Repor.csv"
 ,Retail & recreation,-94%,Sun Feb 16,Sun Mar 29
 ,Parks,-90%,Sun Feb 16,Sun Mar 29
 ,Transit stations,-87%,Sun Feb 16,Sun Mar 29
 ,Workplaces,-63%,Sun Feb 16,Sun Mar 29
 ,Residential,+24%,Sun Feb 16,Sun Mar 29
"Jamaica March 29, 2020 - JM_Mobility_Repor.csv"
 ,Retail & recreation,-53%,Sun Feb 16,Sun Mar 29
 ,Parks,-50%,Sun Feb 16,Sun Mar 29
 ,Transit stations,-50%,Sun Feb 16,Sun Mar 29
 ,Workplaces,-29%,Sun Feb 16,Sun Mar 29
 ,Residential,+12%,Sun Feb 16,Sun Mar 29
"Jordan March 29, 2020 - JO_Mobility_Repor.csv"
 ,Retail & recreation,-74%,Sun Feb 16,Sun Mar 29
 ,Parks,-59%,Sun Feb 16,Sun Mar 29
 ,Transit stations,-89%,Sun Feb 16,Sun Mar 29
 ,Workplaces,-73%,Sun Feb 16,Sun Mar 29
 ,Residential,+27%,Sun Feb 16,Sun Mar 29
"Japan March 29, 2020 - JP_Mobility_Repor.csv"
 ,Retail & recreation,-26%,Sun Feb 16,Sun Mar 29
 ,Parks,-25%,Sun Feb 16,Sun Mar 29
 ,Transit stations,-41%,Sun Feb 16,Sun Mar 29
 ,Workplaces,-9%,Sun Feb 16,Sun Mar 29
 ,Residential,+7%,Sun Feb 16,Sun Mar 29
"Kenya March 29, 2020 - KE_Mobility_Repor.csv"
 ,Retail & recreation,-45%,Sun Feb 16,Sun Mar 29
 ,Parks,-20%,Sun Feb 16,Sun Mar 29
 ,Transit stations,-39%,Sun Feb 16,Sun Mar 29
 ,Workplaces,-22%,Sun Feb 16,Sun Mar 29
 ,Residential,+17%,Sun Feb 16,Sun Mar 29
"Kyrgyzstan March 29, 2020 - KG_Mobility_Repor.csv"
 ,Retail & recreation,-74%,Sun Feb 16,Sun Mar 29
 ,Parks,-32%,Sun Feb 16,Sun Mar 29
 ,Transit stations,-70%,Sun Feb 16,Sun Mar 29
 ,Workplaces,-43%,Sun Feb 16,Sun Mar 29
 ,Residential,+15%,Sun Feb 16,Sun Mar 29
"Cambodia March 29, 2020 - KH_Mobility_Repor.csv"
 ,Retail & recreation,-43%,Sun Feb 16,Sun Mar 29
 ,Parks,-31%,Sun Feb 16,Sun Mar 29
 ,Transit stations,-57%,Sun Feb 16,Sun Mar 29
 ,Workplaces,-15%,Sun Feb 16,Sun Mar 29
 ,Residential,+12%,Sun Feb 16,Sun Mar 29
"South Korea March 29, 2020 - KR_Mobility_Repor.csv"
 ,Retail & recreation,-19%,Sun Feb 16,Sun Mar 29
 ,Parks,+51%,Sun Feb 16,Sun Mar 29
 ,Transit stations,-17%,Sun Feb 16,Sun Mar 29
 ,Workplaces,-12%,Sun Feb 16,Sun Mar 29
 ,Residential,+6%,Sun Feb 16,Sun Mar 29
"Kuwait March 29, 2020 - KW_Mobility_Repor.csv"
 ,Retail & recreation,-56%,Sun Feb 16,Sun Mar 29
 ,Parks,-48%,Sun Feb 16,Sun Mar 29
 ,Transit stations,-49%,Sun Feb 16,Sun Mar 29
 ,Workplaces,-42%,Sun Feb 16,Sun Mar 29
 ,Residential,+23%,Sun Feb 16,Sun Mar 29
"Kazakhstan March 29, 2020 - KZ_Mobility_Repor.csv"
 ,Retail & recreation,-45%,Sun Feb 16,Sun Mar 29
 ,Parks,-20%,Sun Feb 16,Sun Mar 29
 ,Transit stations,-32%,Sun Feb 16,Sun Mar 29
 ,Workplaces,-17%,Sun Feb 16,Sun Mar 29
 ,Residential,+9%,Sun Feb 16,Sun Mar 29
"Laos March 29, 2020 - LA_Mobility_Repor.csv"
 ,Retail & recreation,-45%,Sun Feb 16,Sun Mar 29
 ,Parks,-18%,Sun Feb 16,Sun Mar 29
 ,Transit stations,-47%,Sun Feb 16,Sun Mar 29
 ,Workplaces,-9%,Sun Feb 16,Sun Mar 29
 ,Residential,+11%,Sun Feb 16,Sun Mar 29
"Lebanon March 29, 2020 - LB_Mobility_Repor.csv"
 ,Retail & recreation,-73%,Sun Feb 16,Sun Mar 29
 ,Parks,-59%,Sun Feb 16,Sun Mar 29
 ,Transit stations,-84%,Sun Feb 16,Sun Mar 29
 ,Workplaces,-41%,Sun Feb 16,Sun Mar 29
 ,Residential,+15%,Sun Feb 16,Sun Mar 29
"Liechtenstein March 29, 2020 - LI_Mobility_Repor.csv"
 ,Retail & recreation,-90%,Sun Feb 16,Sun Mar 29
 ,Transit stations,Not enough data for this date,Sun Feb 16,Sun Mar 29
 ,Workplaces,-58%,Sun Feb 16,Sun Mar 29
"Sri Lanka March 29, 2020 - LK_Mobility_Repor.csv"
 ,Retail & recreation,-86%,Sun Feb 16,Sun Mar 29
 ,Grocery & pharmacy,-87%,Sun Feb 16,Sun Mar 29
 ,Parks,-57%,Sun Feb 16,Sun Mar 29
 ,Workplaces,-50%,Sun Feb 16,Sun Mar 29
 ,Residential,+32%,Sun Feb 16,Sun Mar 29
"Lithuania March 29, 2020 - LT_Mobility_Repor.csv"
 ,Retail & recreation,-72%,Sun Feb 16,Sun Mar 29
 ,Grocery & pharmacy,-38%,Sun Feb 16,Sun Mar 29
 ,Parks,-28%,Sun Feb 16,Sun Mar 29
 ,Workplaces,-33%,Sun Feb 16,Sun Mar 29
 ,Residential,+11%,Sun Feb 16,Sun Mar 29
"Luxembourg March 29, 2020 - LU_Mobility_Repor.csv"
 ,Retail & recreation,-90%,Sun Feb 16,Sun Mar 29
 ,Grocery & pharmacy,-70%,Sun Feb 16,Sun Mar 29
 ,Parks,-66%,Sun Feb 16,Sun Mar 29
 ,Workplaces,-60%,Sun Feb 16,Sun Mar 29
 ,Residential,+23%,Sun Feb 16,Sun Mar 29
"Latvia March 29, 2020 - LV_Mobility_Repor.csv"
 ,Retail & recreation,-50%,Sun Feb 16,Sun Mar 29
 ,Grocery & pharmacy,-22%,Sun Feb 16,Sun Mar 29
 ,Parks,-18%,Sun Feb 16,Sun Mar 29
 ,Workplaces,-25%,Sun Feb 16,Sun Mar 29
 ,Residential,+7%,Sun Feb 16,Sun Mar 29
"Libya March 29, 2020 - LY_Mobility_Repor.csv"
 ,Retail & recreation,-49%,Sun Feb 16,Sun Mar 29
 ,Grocery & pharmacy,-28%,Sun Feb 16,Sun Mar 29
 ,Parks,-32%,Sun Feb 16,Sun Mar 29
 ,Workplaces,-36%,Sun Feb 16,Sun Mar 29
 ,Residential,+21%,Sun Feb 16,Sun Mar 29
"Moldova March 29, 2020 - MD_Mobility_Repor.csv"
 ,Retail & recreation,-67%,Sun Feb 16,Sun Mar 29
 ,Grocery & pharmacy,-44%,Sun Feb 16,Sun Mar 29
 ,Parks,-43%,Sun Feb 16,Sun Mar 29
 ,Workplaces,-37%,Sun Feb 16,Sun Mar 29
 ,Residential,+12%,Sun Feb 16,Sun Mar 29
"North Macedonia March 29, 2020 - MK_Mobility_Repor.csv"
 ,Retail & recreation,-74%,Sun Feb 16,Sun Mar 29
 ,Grocery & pharmacy,-41%,Sun Feb 16,Sun Mar 29
 ,Parks,-44%,Sun Feb 16,Sun Mar 29
 ,Workplaces,-51%,Sun Feb 16,Sun Mar 29
 ,Residential,+18%,Sun Feb 16,Sun Mar 29
"Mali March 29, 2020 - ML_Mobility_Repor.csv"
 ,Retail & recreation,-25%,Sun Feb 16,Sun Mar 29
 ,Grocery & pharmacy,-18%,Sun Feb 16,Sun Mar 29
 ,Parks,-12%,Sun Feb 16,Sun Mar 29
 ,Workplaces,+0%,Sun Feb 16,Sun Mar 29
 ,Residential,+9%,Sun Feb 16,Sun Mar 29
"Myanmar (Burma) March 29, 2020 - MM_Mobility_Repor.csv"
 ,Retail & recreation,-46%,Sun Feb 16,Sun Mar 29
 ,Grocery & pharmacy,-29%,Sun Feb 16,Sun Mar 29
 ,Parks,-19%,Sun Feb 16,Sun Mar 29
 ,Workplaces,-10%,Sun Feb 16,Sun Mar 29
 ,Residential,+12%,Sun Feb 16,Sun Mar 29
"Mongolia March 29, 2020 - MN_Mobility_Repor.csv"
 ,Retail & recreation,-16%,Sun Feb 16,Sun Mar 29
 ,Grocery & pharmacy,+5%,Sun Feb 16,Sun Mar 29
 ,Parks,+5%,Sun Feb 16,Sun Mar 29
 ,Workplaces,-2%,Sun Feb 16,Sun Mar 29
 ,Residential,+2%,Sun Feb 16,Sun Mar 29
"Malta March 29, 2020 - MT_Mobility_Repor.csv"
 ,Retail & recreation,-76%,Sun Feb 16,Sun Mar 29
 ,Grocery & pharmacy,-38%,Sun Feb 16,Sun Mar 29
 ,Parks,-45%,Sun Feb 16,Sun Mar 29
 ,Workplaces,-49%,Sun Feb 16,Sun Mar 29
 ,Residential,+19%,Sun Feb 16,Sun Mar 29
"Mauritius March 29, 2020 - MU_Mobility_Repor.csv"
 ,Retail & recreation,-89%,Sun Feb 16,Sun Mar 29
 ,Grocery & pharmacy,-86%,Sun Feb 16,Sun Mar 29
 ,Parks,-88%,Sun Feb 16,Sun Mar 29
 ,Workplaces,-69%,Sun Feb 16,Sun Mar 29
 ,Residential,+24%,Sun Feb 16,Sun Mar 29
"Mexico March 29, 2020 - MX_Mobility_Repor.csv"
 ,Retail & recreation,-45%,Sun Feb 16,Sun Mar 29
 ,Grocery & pharmacy,-19%,Sun Feb 16,Sun Mar 29
 ,Parks,-46%,Sun Feb 16,Sun Mar 29
 ,Workplaces,-20%,Sun Feb 16,Sun Mar 29
 ,Residential,+11%,Sun Feb 16,Sun Mar 29
"Malaysia March 29, 2020 - MY_Mobility_Repor.csv"
 ,Retail & recreation,-81%,Sun Feb 16,Sun Mar 29
 ,Grocery & pharmacy,-58%,Sun Feb 16,Sun Mar 29
 ,Parks,-68%,Sun Feb 16,Sun Mar 29
 ,Workplaces,-52%,Sun Feb 16,Sun Mar 29
 ,Residential,+31%,Sun Feb 16,Sun Mar 29
Mozambique - MZ_Mobility_Repor.csv
 ,Retail & recreation,-26%,Sun Feb 16,Sun Mar 29
 ,Grocery & pharmacy,-13%,Sun Feb 16,Sun Mar 29
 ,Parks,-22%,Sun Feb 16,Sun Mar 29
 ,Workplaces,+1%,Sun Feb 16,Sun Mar 29
 ,Residential,+10%,Sun Feb 16,Sun Mar 29
"Namibia March 29, 2020 - NA_Mobility_Repor.csv"
 ,Retail & recreation,-56%,Sun Feb 16,Sun Mar 29
 ,Grocery & pharmacy,-42%,Sun Feb 16,Sun Mar 29
 ,Parks,-39%,Sun Feb 16,Sun Mar 29
 ,Workplaces,-28%,Sun Feb 16,Sun Mar 29
 ,Residential,+16%,Sun Feb 16,Sun Mar 29
"Niger March 29, 2020 - NE_Mobility_Repor.csv"
 ,Retail & recreation,-23%,Sun Feb 16,Sun Mar 29
 ,Grocery & pharmacy,-15%,Sun Feb 16,Sun Mar 29
 ,Parks,-19%,Sun Feb 16,Sun Mar 29
 ,Workplaces,-1%,Sun Feb 16,Sun Mar 29
 ,Residential,+9%,Sun Feb 16,Sun Mar 29
"Nigeria March 29, 2020 - NG_Mobility_Repor.csv"
 ,Retail & recreation,-39%,Sun Feb 16,Sun Mar 29
 ,Grocery & pharmacy,-25%,Sun Feb 16,Sun Mar 29
 ,Parks,-24%,Sun Feb 16,Sun Mar 29
 ,Workplaces,-11%,Sun Feb 16,Sun Mar 29
 ,Residential,+15%,Sun Feb 16,Sun Mar 29
"Nicaragua March 29, 2020 - NI_Mobility_Repor.csv"
 ,Retail & recreation,-45%,Sun Feb 16,Sun Mar 29
 ,Grocery & pharmacy,-25%,Sun Feb 16,Sun Mar 29
 ,Parks,-31%,Sun Feb 16,Sun Mar 29
 ,Workplaces,-17%,Sun Feb 16,Sun Mar 29
 ,Residential,+11%,Sun Feb 16,Sun Mar 29
"Netherlands March 29, 2020 - NL_Mobility_Repor.csv"
 ,Retail & recreation,-65%,Sun Feb 16,Sun Mar 29
 ,Grocery & pharmacy,-29%,Sun Feb 16,Sun Mar 29
 ,Parks,-30%,Sun Feb 16,Sun Mar 29
 ,Workplaces,-35%,Sun Feb 16,Sun Mar 29
 ,Residential,+11%,Sun Feb 16,Sun Mar 29
"Norway March 29, 2020 - NO_Mobility_Repor.csv"
 ,Retail & recreation,-65%,Sun Feb 16,Sun Mar 29
 ,Grocery & pharmacy,-32%,Sun Feb 16,Sun Mar 29
 ,Parks,-5%,Sun Feb 16,Sun Mar 29
 ,Workplaces,-34%,Sun Feb 16,Sun Mar 29
 ,Residential,+11%,Sun Feb 16,Sun Mar 29
"Nepal March 29, 2020 - NP_Mobility_Repor.csv"
 ,Retail & recreation,-78%,Sun Feb 16,Sun Mar 29
 ,Grocery & pharmacy,-69%,Sun Feb 16,Sun Mar 29
 ,Parks,-55%,Sun Feb 16,Sun Mar 29
 ,Workplaces,-72%,Sun Feb 16,Sun Mar 29
 ,Residential,+28%,Sun Feb 16,Sun Mar 29
New Zealand - NZ_Mobility_Repor.csv
 ,Retail & recreation,-91%,Sun Feb 16,Sun Mar 29
 ,Grocery & pharmacy,-54%,Sun Feb 16,Sun Mar 29
 ,Parks,-78%,Sun Feb 16,Sun Mar 29
 ,Workplaces,-59%,Sun Feb 16,Sun Mar 29
 ,Residential,+22%,Sun Feb 16,Sun Mar 29
"Oman March 29, 2020 - OM_Mobility_Repor.csv"
 ,Retail & recreation,-52%,Sun Feb 16,Sun Mar 29
 ,Grocery & pharmacy,-35%,Sun Feb 16,Sun Mar 29
 ,Parks,-41%,Sun Feb 16,Sun Mar 29
 ,Workplaces,-34%,Sun Feb 16,Sun Mar 29
 ,Residential,+17%,Sun Feb 16,Sun Mar 29
"Panama March 29, 2020 - PA_Mobility_Repor.csv"
 ,Retail & recreation,-84%,Sun Feb 16,Sun Mar 29
 ,Grocery & pharmacy,-61%,Sun Feb 16,Sun Mar 29
 ,Parks,-78%,Sun Feb 16,Sun Mar 29
 ,Workplaces,-59%,Sun Feb 16,Sun Mar 29
 ,Residential,+31%,Sun Feb 16,Sun Mar 29
"Peru March 29, 2020 - PE_Mobility_Repor.csv"
 ,Retail & recreation,-82%,Sun Feb 16,Sun Mar 29
 ,Grocery & pharmacy,-57%,Sun Feb 16,Sun Mar 29
 ,Parks,-76%,Sun Feb 16,Sun Mar 29
 ,Workplaces,-55%,Sun Feb 16,Sun Mar 29
 ,Residential,+29%,Sun Feb 16,Sun Mar 29
"Papua New Guinea March 29, 2020 - PG_Mobility_Repor.csv"
 ,Retail & recreation,-20%,Sun Feb 16,Sun Mar 29
 ,Grocery & pharmacy,-9%,Sun Feb 16,Sun Mar 29
 ,Parks,-12%,Sun Feb 16,Sun Mar 29
 ,Workplaces,+11%,Sun Feb 16,Sun Mar 29
 ,Residential,+12%,Sun Feb 16,Sun Mar 29
"Philippines March 29, 2020 - PH_Mobility_Repor.csv"
 ,Retail & recreation,-81%,Sun Feb 16,Sun Mar 29
 ,Grocery & pharmacy,-59%,Sun Feb 16,Sun Mar 29
 ,Parks,-59%,Sun Feb 16,Sun Mar 29
 ,Workplaces,-54%,Sun Feb 16,Sun Mar 29
 ,Residential,+26%,Sun Feb 16,Sun Mar 29
"Pakistan March 29, 2020 - PK_Mobility_Repor.csv"
 ,Retail & recreation,-70%,Sun Feb 16,Sun Mar 29
 ,Grocery & pharmacy,-55%,Sun Feb 16,Sun Mar 29
 ,Parks,-45%,Sun Feb 16,Sun Mar 29
 ,Workplaces,-41%,Sun Feb 16,Sun Mar 29
 ,Residential,+18%,Sun Feb 16,Sun Mar 29
"Poland March 29, 2020 - PL_Mobility_Repor.csv"
 ,Retail & recreation,-78%,Sun Feb 16,Sun Mar 29
 ,Grocery & pharmacy,-59%,Sun Feb 16,Sun Mar 29
 ,Parks,-59%,Sun Feb 16,Sun Mar 29
 ,Workplaces,-36%,Sun Feb 16,Sun Mar 29
 ,Residential,+13%,Sun Feb 16,Sun Mar 29
"Puerto Rico March 29, 2020 - PR_Mobility_Repor.csv"
 ,Retail & recreation,-77%,Sun Feb 16,Sun Mar 29
 ,Grocery & pharmacy,-51%,Sun Feb 16,Sun Mar 29
 ,Parks,-75%,Sun Feb 16,Sun Mar 29
 ,Workplaces,-48%,Sun Feb 16,Sun Mar 29
 ,Residential,+21%,Sun Feb 16,Sun Mar 29
"Portugal March 29, 2020 - PT_Mobility_Repor.csv"
 ,Retail & recreation,-83%,Sun Feb 16,Sun Mar 29
 ,Grocery & pharmacy,-59%,Sun Feb 16,Sun Mar 29
 ,Parks,-80%,Sun Feb 16,Sun Mar 29
 ,Workplaces,-53%,Sun Feb 16,Sun Mar 29
 ,Residential,+22%,Sun Feb 16,Sun Mar 29
"Paraguay March 29, 2020 - PY_Mobility_Repor.csv"
 ,Retail & recreation,-68%,Sun Feb 16,Sun Mar 29
 ,Grocery & pharmacy,-52%,Sun Feb 16,Sun Mar 29
 ,Parks,-71%,Sun Feb 16,Sun Mar 29
 ,Workplaces,-30%,Sun Feb 16,Sun Mar 29
 ,Residential,+23%,Sun Feb 16,Sun Mar 29
"Qatar March 29, 2020 - QA_Mobility_Repor.csv"
 ,Retail & recreation,-51%,Sun Feb 16,Sun Mar 29
 ,Grocery & pharmacy,-25%,Sun Feb 16,Sun Mar 29
 ,Parks,-34%,Sun Feb 16,Sun Mar 29
 ,Workplaces,-31%,Sun Feb 16,Sun Mar 29
 ,Residential,+22%,Sun Feb 16,Sun Mar 29
"Réunion March 29, 2020 - RE_Mobility_Repor.csv"
 ,Retail & recreation,-96%,Sun Feb 16,Sun Mar 29
 ,Grocery & pharmacy,-88%,Sun Feb 16,Sun Mar 29
 ,Parks,-92%,Sun Feb 16,Sun Mar 29
 ,Workplaces,-53%,Sun Feb 16,Sun Mar 29
 ,Residential,Not enough data for this date,Sun Feb 16,Sun Mar 29
"Romania March 29, 2020 - RO_Mobility_Repor.csv"
 ,Retail & recreation,-81%,Sun Feb 16,Sun Mar 29
 ,Grocery & pharmacy,-53%,Sun Feb 16,Sun Mar 29
 ,Parks,-60%,Sun Feb 16,Sun Mar 29
 ,Workplaces,-39%,Sun Feb 16,Sun Mar 29
 ,Residential,+15%,Sun Feb 16,Sun Mar 29
"Rwanda March 29, 2020 - RW_Mobility_Repor.csv"
 ,Retail & recreation,-56%,Sun Feb 16,Sun Mar 29
 ,Grocery & pharmacy,-57%,Sun Feb 16,Sun Mar 29
 ,Parks,-18%,Sun Feb 16,Sun Mar 29
 ,Workplaces,-31%,Sun Feb 16,Sun Mar 29
 ,Residential,+22%,Sun Feb 16,Sun Mar 29
"Saudi Arabia March 29, 2020 - SA_Mobility_Repor.csv"
 ,Retail & recreation,-54%,Sun Feb 16,Sun Mar 29
 ,Grocery & pharmacy,-24%,Sun Feb 16,Sun Mar 29
 ,Parks,-49%,Sun Feb 16,Sun Mar 29
 ,Workplaces,-45%,Sun Feb 16,Sun Mar 29
 ,Residential,+23%,Sun Feb 16,Sun Mar 29
"Sweden March 29, 2020 - SE_Mobility_Repor.csv"
 ,Retail & recreation,-24%,Sun Feb 16,Sun Mar 29
 ,Grocery & pharmacy,-10%,Sun Feb 16,Sun Mar 29
 ,Parks,+43%,Sun Feb 16,Sun Mar 29
 ,Workplaces,-18%,Sun Feb 16,Sun Mar 29
 ,Residential,+5%,Sun Feb 16,Sun Mar 29
"Singapore March 29, 2020 - SG_Mobility_Repor.csv"
 ,Retail & recreation,-28%,Sun Feb 16,Sun Mar 29
 ,Grocery & pharmacy,-6%,Sun Feb 16,Sun Mar 29
 ,Parks,-12%,Sun Feb 16,Sun Mar 29
 ,Workplaces,-15%,Sun Feb 16,Sun Mar 29
 ,Residential,+15%,Sun Feb 16,Sun Mar 29
"Slovenia March 29, 2020 - SI_Mobility_Repor.csv"
 ,Retail & recreation,-88%,Sun Feb 16,Sun Mar 29
 ,Grocery & pharmacy,-92%,Sun Feb 16,Sun Mar 29
 ,Parks,-43%,Sun Feb 16,Sun Mar 29
 ,Workplaces,-45%,Sun Feb 16,Sun Mar 29
 ,Residential,+13%,Sun Feb 16,Sun Mar 29
"Slovakia March 29, 2020 - SK_Mobility_Repor.csv"
 ,Retail & recreation,-82%,Sun Feb 16,Sun Mar 29
 ,Grocery & pharmacy,-89%,Sun Feb 16,Sun Mar 29
 ,Parks,-9%,Sun Feb 16,Sun Mar 29
 ,Workplaces,-38%,Sun Feb 16,Sun Mar 29
 ,Residential,+10%,Sun Feb 16,Sun Mar 29
"Senegal March 29, 2020 - SN_Mobility_Repor.csv"
 ,Retail & recreation,-44%,Sun Feb 16,Sun Mar 29
 ,Grocery & pharmacy,-31%,Sun Feb 16,Sun Mar 29
 ,Parks,-28%,Sun Feb 16,Sun Mar 29
 ,Workplaces,-10%,Sun Feb 16,Sun Mar 29
 ,Residential,+12%,Sun Feb 16,Sun Mar 29
"El Salvador March 29, 2020 - SV_Mobility_Repor.csv"
 ,Retail & recreation,-81%,Sun Feb 16,Sun Mar 29
 ,Grocery & pharmacy,-62%,Sun Feb 16,Sun Mar 29
 ,Parks,-72%,Sun Feb 16,Sun Mar 29
 ,Workplaces,-50%,Sun Feb 16,Sun Mar 29
 ,Residential,+23%,Sun Feb 16,Sun Mar 29
"Togo March 29, 2020 - TG_Mobility_Repor.csv"
 ,Retail & recreation,-37%,Sun Feb 16,Sun Mar 29
 ,Grocery & pharmacy,-25%,Sun Feb 16,Sun Mar 29
 ,Parks,-21%,Sun Feb 16,Sun Mar 29
 ,Workplaces,-9%,Sun Feb 16,Sun Mar 29
 ,Residential,+16%,Sun Feb 16,Sun Mar 29
"Thailand March 29, 2020 - TH_Mobility_Repor.csv"
 ,Retail & recreation,-55%,Sun Feb 16,Sun Mar 29
 ,Grocery & pharmacy,-27%,Sun Feb 16,Sun Mar 29
 ,Parks,-54%,Sun Feb 16,Sun Mar 29
 ,Workplaces,-21%,Sun Feb 16,Sun Mar 29
 ,Residential,+16%,Sun Feb 16,Sun Mar 29
"Tajikistan March 29, 2020 - TJ_Mobility_Repor.csv"
 ,Retail & recreation,-8%,Sun Feb 16,Sun Mar 29
 ,Grocery & pharmacy,-8%,Sun Feb 16,Sun Mar 29
 ,Parks,+4%,Sun Feb 16,Sun Mar 29
 ,Workplaces,+10%,Sun Feb 16,Sun Mar 29
 ,Residential,-3%,Sun Feb 16,Sun Mar 29
"Turkey March 29, 2020 - TR_Mobility_Repor.csv"
 ,Retail & recreation,-75%,Sun Feb 16,Sun Mar 29
 ,Grocery & pharmacy,-39%,Sun Feb 16,Sun Mar 29
 ,Parks,-58%,Sun Feb 16,Sun Mar 29
 ,Workplaces,-45%,Sun Feb 16,Sun Mar 29
 ,Residential,+17%,Sun Feb 16,Sun Mar 29
"Trinidad and Tobago March 29, 2020 - TT_Mobility_Repor.csv"
 ,Retail & recreation,-29%,Sun Feb 16,Sun Mar 29
 ,Grocery & pharmacy,+10%,Sun Feb 16,Sun Mar 29
 ,Parks,-40%,Sun Feb 16,Sun Mar 29
 ,Workplaces,-17%,Sun Feb 16,Sun Mar 29
 ,Residential,+9%,Sun Feb 16,Sun Mar 29
"Taiwan March 29, 2020 - TW_Mobility_Repor.csv"
 ,Retail & recreation,-9%,Sun Feb 16,Sun Mar 29
 ,Grocery & pharmacy,+3%,Sun Feb 16,Sun Mar 29
 ,Parks,+17%,Sun Feb 16,Sun Mar 29
 ,Workplaces,-1%,Sun Feb 16,Sun Mar 29
 ,Residential,+4%,Sun Feb 16,Sun Mar 29
"Tanzania March 29, 2020 - TZ_Mobility_Repor.csv"
 ,Retail & recreation,-16%,Sun Feb 16,Sun Mar 29
 ,Grocery & pharmacy,-8%,Sun Feb 16,Sun Mar 29
 ,Parks,-7%,Sun Feb 16,Sun Mar 29
 ,Workplaces,-9%,Sun Feb 16,Sun Mar 29
 ,Residential,+3%,Sun Feb 16,Sun Mar 29
"Uganda March 29, 2020 - UG_Mobility_Repor.csv"
 ,Retail & recreation,-50%,Sun Feb 16,Sun Mar 29
 ,Grocery & pharmacy,-36%,Sun Feb 16,Sun Mar 29
 ,Parks,-16%,Sun Feb 16,Sun Mar 29
 ,Workplaces,-23%,Sun Feb 16,Sun Mar 29
 ,Residential,+19%,Sun Feb 16,Sun Mar 29
"Alabama March 29, 2020 - US_Alabama_Mobili.csv"
 ,Retail & recreation,-41%,Sun Feb 16,Sun Mar 29
 ,Grocery & pharmacy,-13%,Sun Feb 16,Sun Mar 29
 ,Parks,+19%,Sun Feb 16,Sun Mar 29
 ,Workplaces,-32%,Sun Feb 16,Sun Mar 29
 ,Residential,+9%,Sun Feb 16,Sun Mar 29
"Alaska March 29, 2020 - US_Alaska_Mobilit.csv"
 ,Retail & recreation,-48%,Sun Feb 16,Sun Mar 29
 ,Grocery & pharmacy,-27%,Sun Feb 16,Sun Mar 29
 ,Parks,+18%,Sun Feb 16,Sun Mar 29
 ,Workplaces,-33%,Sun Feb 16,Sun Mar 29
 ,Residential,+10%,Sun Feb 16,Sun Mar 29
"Arizona March 29, 2020 - US_Arizona_Mobili.csv"
 ,Retail & recreation,-40%,Sun Feb 16,Sun Mar 29
 ,Grocery & pharmacy,-17%,Sun Feb 16,Sun Mar 29
 ,Parks,-7%,Sun Feb 16,Sun Mar 29
 ,Workplaces,-33%,Sun Feb 16,Sun Mar 29
 ,Residential,+10%,Sun Feb 16,Sun Mar 29
"Arkansas March 29, 2020 - US_Arkansas_Mobil.csv"
 ,Retail & recreation,-29%,Sun Feb 16,Sun Mar 29
 ,Grocery & pharmacy,-7%,Sun Feb 16,Sun Mar 29
 ,Parks,+81%,Sun Feb 16,Sun Mar 29
 ,Workplaces,-27%,Sun Feb 16,Sun Mar 29
 ,Residential,+7%,Sun Feb 16,Sun Mar 29
"California March 29, 2020 - US_California_Mob.csv"
 ,Retail & recreation,-50%,Sun Feb 16,Sun Mar 29
 ,Grocery & pharmacy,-24%,Sun Feb 16,Sun Mar 29
 ,Parks,-38%,Sun Feb 16,Sun Mar 29
 ,Workplaces,-39%,Sun Feb 16,Sun Mar 29
 ,Residential,+15%,Sun Feb 16,Sun Mar 29
"Colorado March 29, 2020 - US_Colorado_Mobil.csv"
 ,Retail & recreation,-51%,Sun Feb 16,Sun Mar 29
 ,Grocery & pharmacy,-27%,Sun Feb 16,Sun Mar 29
 ,Parks,-12%,Sun Feb 16,Sun Mar 29
 ,Workplaces,-40%,Sun Feb 16,Sun Mar 29
 ,Residential,+13%,Sun Feb 16,Sun Mar 29
"Connecticut March 29, 2020 - US_Connecticut_Mo.csv"
 ,Retail & recreation,-56%,Sun Feb 16,Sun Mar 29
 ,Grocery & pharmacy,-32%,Sun Feb 16,Sun Mar 29
 ,Parks,-52%,Sun Feb 16,Sun Mar 29
 ,Workplaces,-38%,Sun Feb 16,Sun Mar 29
 ,Residential,+15%,Sun Feb 16,Sun Mar 29
"Delaware March 29, 2020 - US_Delaware_Mobil.csv"
 ,Retail & recreation,-47%,Sun Feb 16,Sun Mar 29
 ,Grocery & pharmacy,-28%,Sun Feb 16,Sun Mar 29
 ,Parks,-6%,Sun Feb 16,Sun Mar 29
 ,Workplaces,-37%,Sun Feb 16,Sun Mar 29
 ,Residential,+12%,Sun Feb 16,Sun Mar 29
"District of Columbia March 29, 2020 - US_District_of_Co.csv"
 ,Retail & recreation,-64%,Sun Feb 16,Sun Mar 29
 ,Grocery & pharmacy,-30%,Sun Feb 16,Sun Mar 29
 ,Parks,-41%,Sun Feb 16,Sun Mar 29
 ,Workplaces,-47%,Sun Feb 16,Sun Mar 29
 ,Residential,+14%,Sun Feb 16,Sun Mar 29
"Florida March 29, 2020 - US_Florida_Mobili.csv"
 ,Retail & recreation,-50%,Sun Feb 16,Sun Mar 29
 ,Grocery & pharmacy,-26%,Sun Feb 16,Sun Mar 29
 ,Parks,-48%,Sun Feb 16,Sun Mar 29
 ,Workplaces,-41%,Sun Feb 16,Sun Mar 29
 ,Residential,+13%,Sun Feb 16,Sun Mar 29
"Georgia March 29, 2020 - US_Georgia_Mobili.csv"
 ,Retail & recreation,-42%,Sun Feb 16,Sun Mar 29
 ,Grocery & pharmacy,-17%,Sun Feb 16,Sun Mar 29
 ,Parks,-2%,Sun Feb 16,Sun Mar 29
 ,Workplaces,-37%,Sun Feb 16,Sun Mar 29
 ,Residential,+11%,Sun Feb 16,Sun Mar 29
"Hawaii March 29, 2020 - US_Hawaii_Mobilit.csv"
 ,Retail & recreation,-56%,Sun Feb 16,Sun Mar 29
 ,Grocery & pharmacy,-36%,Sun Feb 16,Sun Mar 29
 ,Parks,-65%,Sun Feb 16,Sun Mar 29
 ,Workplaces,-45%,Sun Feb 16,Sun Mar 29
 ,Residential,+16%,Sun Feb 16,Sun Mar 29
"Idaho March 29, 2020 - US_Idaho_Mobility.csv"
 ,Retail & recreation,-42%,Sun Feb 16,Sun Mar 29
 ,Grocery & pharmacy,-18%,Sun Feb 16,Sun Mar 29
 ,Parks,+25%,Sun Feb 16,Sun Mar 29
 ,Workplaces,-38%,Sun Feb 16,Sun Mar 29
 ,Residential,+10%,Sun Feb 16,Sun Mar 29
"Illinois March 29, 2020 - US_Illinois_Mobil.csv"
 ,Retail & recreation,-53%,Sun Feb 16,Sun Mar 29
 ,Grocery & pharmacy,-24%,Sun Feb 16,Sun Mar 29
 ,Parks,-29%,Sun Feb 16,Sun Mar 29
 ,Workplaces,-39%,Sun Feb 16,Sun Mar 29
 ,Residential,+13%,Sun Feb 16,Sun Mar 29
"Indiana March 29, 2020 - US_Indiana_Mobili.csv"
 ,Retail & recreation,-48%,Sun Feb 16,Sun Mar 29
 ,Grocery & pharmacy,-25%,Sun Feb 16,Sun Mar 29
 ,Parks,+24%,Sun Feb 16,Sun Mar 29
 ,Workplaces,-36%,Sun Feb 16,Sun Mar 29
 ,Residential,+11%,Sun Feb 16,Sun Mar 29
"Iowa March 29, 2020 - US_Iowa_Mobility_.csv"
 ,Retail & recreation,-43%,Sun Feb 16,Sun Mar 29
 ,Grocery & pharmacy,-10%,Sun Feb 16,Sun Mar 29
 ,Parks,+41%,Sun Feb 16,Sun Mar 29
 ,Workplaces,-29%,Sun Feb 16,Sun Mar 29
 ,Residential,+10%,Sun Feb 16,Sun Mar 29
"Kansas March 29, 2020 - US_Kansas_Mobilit.csv"
 ,Retail & recreation,-36%,Sun Feb 16,Sun Mar 29
 ,Grocery & pharmacy,-14%,Sun Feb 16,Sun Mar 29
 ,Parks,+72%,Sun Feb 16,Sun Mar 29
 ,Workplaces,-30%,Sun Feb 16,Sun Mar 29
 ,Residential,+9%,Sun Feb 16,Sun Mar 29
"Kentucky March 29, 2020 - US_Kentucky_Mobil.csv"
 ,Retail & recreation,-37%,Sun Feb 16,Sun Mar 29
 ,Grocery & pharmacy,-11%,Sun Feb 16,Sun Mar 29
 ,Parks,+68%,Sun Feb 16,Sun Mar 29
 ,Workplaces,-34%,Sun Feb 16,Sun Mar 29
 ,Residential,+9%,Sun Feb 16,Sun Mar 29
"Louisiana March 29, 2020 - US_Louisiana_Mobi.csv"
 ,Retail & recreation,-45%,Sun Feb 16,Sun Mar 29
 ,Grocery & pharmacy,-16%,Sun Feb 16,Sun Mar 29
 ,Parks,-18%,Sun Feb 16,Sun Mar 29
 ,Workplaces,-35%,Sun Feb 16,Sun Mar 29
 ,Residential,+11%,Sun Feb 16,Sun Mar 29
"Maine March 29, 2020 - US_Maine_Mobility.csv"
 ,Retail & recreation,-50%,Sun Feb 16,Sun Mar 29
 ,Grocery & pharmacy,-22%,Sun Feb 16,Sun Mar 29
 ,Parks,-24%,Sun Feb 16,Sun Mar 29
 ,Workplaces,-31%,Sun Feb 16,Sun Mar 29
 ,Residential,+10%,Sun Feb 16,Sun Mar 29
"Maryland March 29, 2020 - US_Maryland_Mobil.csv"
 ,Retail & recreation,-45%,Sun Feb 16,Sun Mar 29
 ,Grocery & pharmacy,-25%,Sun Feb 16,Sun Mar 29
 ,Parks,+29%,Sun Feb 16,Sun Mar 29
 ,Workplaces,-39%,Sun Feb 16,Sun Mar 29
 ,Residential,+13%,Sun Feb 16,Sun Mar 29
"Massachusetts March 29, 2020 - US_Massachusetts_.csv"
 ,Retail & recreation,-59%,Sun Feb 16,Sun Mar 29
 ,Grocery & pharmacy,-36%,Sun Feb 16,Sun Mar 29
 ,Parks,-56%,Sun Feb 16,Sun Mar 29
 ,Workplaces,-42%,Sun Feb 16,Sun Mar 29
 ,Residential,+16%,Sun Feb 16,Sun Mar 29
"Michigan March 29, 2020 - US_Michigan_Mobil.csv"
 ,Retail & recreation,-58%,Sun Feb 16,Sun Mar 29
 ,Grocery & pharmacy,-28%,Sun Feb 16,Sun Mar 29
 ,Parks,+15%,Sun Feb 16,Sun Mar 29
 ,Workplaces,-43%,Sun Feb 16,Sun Mar 29
 ,Residential,+12%,Sun Feb 16,Sun Mar 29
"Minnesota March 29, 2020 - US_Minnesota_Mobi.csv"
 ,Retail & recreation,-58%,Sun Feb 16,Sun Mar 29
 ,Grocery & pharmacy,-35%,Sun Feb 16,Sun Mar 29
 ,Parks,-16%,Sun Feb 16,Sun Mar 29
 ,Workplaces,-38%,Sun Feb 16,Sun Mar 29
 ,Residential,+14%,Sun Feb 16,Sun Mar 29
"Mississippi March 29, 2020 - US_Mississippi_Mo.csv"
 ,Retail & recreation,-32%,Sun Feb 16,Sun Mar 29
 ,Grocery & pharmacy,-7%,Sun Feb 16,Sun Mar 29
 ,Parks,+27%,Sun Feb 16,Sun Mar 29
 ,Workplaces,-30%,Sun Feb 16,Sun Mar 29
 ,Residential,+9%,Sun Feb 16,Sun Mar 29
"Missouri March 29, 2020 - US_Missouri_Mobil.csv"
 ,Retail & recreation,-38%,Sun Feb 16,Sun Mar 29
 ,Grocery & pharmacy,-12%,Sun Feb 16,Sun Mar 29
 ,Parks,+73%,Sun Feb 16,Sun Mar 29
 ,Workplaces,-32%,Sun Feb 16,Sun Mar 29
 ,Residential,+9%,Sun Feb 16,Sun Mar 29
United States - US_Mobility_Repor.csv
 ,Retail & recreation,-47%,Sun Feb 16,Sun Mar 29
 ,Grocery & pharmacy,-22%,Sun Feb 16,Sun Mar 29
 ,Parks,-19%,Sun Feb 16,Sun Mar 29
 ,Workplaces,-38%,Sun Feb 16,Sun Mar 29
 ,Residential,+12%,Sun Feb 16,Sun Mar 29
"Montana March 29, 2020 - US_Montana_Mobili.csv"
 ,Retail & recreation,-51%,Sun Feb 16,Sun Mar 29
 ,Grocery & pharmacy,-25%,Sun Feb 16,Sun Mar 29
 ,Parks,+28%,Sun Feb 16,Sun Mar 29
 ,Workplaces,-37%,Sun Feb 16,Sun Mar 29
 ,Residential,+10%,Sun Feb 16,Sun Mar 29
"Nebraska March 29, 2020 - US_Nebraska_Mobil.csv"
 ,Retail & recreation,-34%,Sun Feb 16,Sun Mar 29
 ,Grocery & pharmacy,-9%,Sun Feb 16,Sun Mar 29
 ,Parks,+109%,Sun Feb 16,Sun Mar 29
 ,Workplaces,-24%,Sun Feb 16,Sun Mar 29
 ,Residential,+8%,Sun Feb 16,Sun Mar 29
"Nevada March 29, 2020 - US_Nevada_Mobilit.csv"
 ,Retail & recreation,-47%,Sun Feb 16,Sun Mar 29
 ,Grocery & pharmacy,-23%,Sun Feb 16,Sun Mar 29
 ,Parks,-38%,Sun Feb 16,Sun Mar 29
 ,Workplaces,-52%,Sun Feb 16,Sun Mar 29
 ,Residential,+14%,Sun Feb 16,Sun Mar 29
"New Hampshire March 29, 2020 - US_New_Hampshire_.csv"
 ,Retail & recreation,-58%,Sun Feb 16,Sun Mar 29
 ,Grocery & pharmacy,-35%,Sun Feb 16,Sun Mar 29
 ,Parks,-63%,Sun Feb 16,Sun Mar 29
 ,Workplaces,-38%,Sun Feb 16,Sun Mar 29
 ,Residential,+13%,Sun Feb 16,Sun Mar 29
"New Jersey March 29, 2020 - US_New_Jersey_Mob.csv"
 ,Retail & recreation,-59%,Sun Feb 16,Sun Mar 29
 ,Grocery & pharmacy,-33%,Sun Feb 16,Sun Mar 29
 ,Parks,-36%,Sun Feb 16,Sun Mar 29
 ,Workplaces,-44%,Sun Feb 16,Sun Mar 29
 ,Residential,+16%,Sun Feb 16,Sun Mar 29
"New Mexico March 29, 2020 - US_New_Mexico_Mob.csv"
 ,Retail & recreation,-44%,Sun Feb 16,Sun Mar 29
 ,Grocery & pharmacy,-18%,Sun Feb 16,Sun Mar 29
 ,Parks,-12%,Sun Feb 16,Sun Mar 29
 ,Workplaces,-34%,Sun Feb 16,Sun Mar 29
 ,Residential,+11%,Sun Feb 16,Sun Mar 29
"New York March 29, 2020 - US_New_York_Mobil.csv"
 ,Retail & recreation,-62%,Sun Feb 16,Sun Mar 29
 ,Grocery & pharmacy,-32%,Sun Feb 16,Sun Mar 29
 ,Parks,-47%,Sun Feb 16,Sun Mar 29
 ,Workplaces,-46%,Sun Feb 16,Sun Mar 29
 ,Residential,+16%,Sun Feb 16,Sun Mar 29
"North Carolina March 29, 2020 - US_North_Carolina.csv"
 ,Retail & recreation,-40%,Sun Feb 16,Sun Mar 29
 ,Grocery & pharmacy,-15%,Sun Feb 16,Sun Mar 29
 ,Parks,+13%,Sun Feb 16,Sun Mar 29
 ,Workplaces,-35%,Sun Feb 16,Sun Mar 29
 ,Residential,+10%,Sun Feb 16,Sun Mar 29
North Dakota - US_North_Dakota_M.csv
 ,Retail & recreation,-44%,Sun Feb 16,Sun Mar 29
 ,Grocery & pharmacy,-13%,Sun Feb 16,Sun Mar 29
 ,Parks,+73%,Sun Feb 16,Sun Mar 29
 ,Workplaces,-24%,Sun Feb 16,Sun Mar 29
 ,Residential,+9%,Sun Feb 16,Sun Mar 29
"Ohio March 29, 2020 - US_Ohio_Mobility_.csv"
 ,Retail & recreation,-43%,Sun Feb 16,Sun Mar 29
 ,Grocery & pharmacy,-19%,Sun Feb 16,Sun Mar 29
 ,Parks,+117%,Sun Feb 16,Sun Mar 29
 ,Workplaces,-35%,Sun Feb 16,Sun Mar 29
 ,Residential,+10%,Sun Feb 16,Sun Mar 29
"Oklahoma March 29, 2020 - US_Oklahoma_Mobil.csv"
 ,Retail & recreation,-36%,Sun Feb 16,Sun Mar 29
 ,Grocery & pharmacy,-12%,Sun Feb 16,Sun Mar 29
 ,Parks,+29%,Sun Feb 16,Sun Mar 29
 ,Workplaces,-32%,Sun Feb 16,Sun Mar 29
 ,Residential,+9%,Sun Feb 16,Sun Mar 29
"Oregon March 29, 2020 - US_Oregon_Mobilit.csv"
 ,Retail & recreation,-51%,Sun Feb 16,Sun Mar 29
 ,Grocery & pharmacy,-25%,Sun Feb 16,Sun Mar 29
 ,Parks,-22%,Sun Feb 16,Sun Mar 29
 ,Workplaces,-38%,Sun Feb 16,Sun Mar 29
 ,Residential,+12%,Sun Feb 16,Sun Mar 29
Pennsylvania - US_Pennsylvania_M.csv
 ,Retail & recreation,-50%,Sun Feb 16,Sun Mar 29
 ,Grocery & pharmacy,-27%,Sun Feb 16,Sun Mar 29
 ,Parks,+7%,Sun Feb 16,Sun Mar 29
 ,Workplaces,-38%,Sun Feb 16,Sun Mar 29
 ,Residential,+12%,Sun Feb 16,Sun Mar 29
"Rhode Island March 29, 2020 - US_Rhode_Island_M.csv"
 ,Retail & recreation,-55%,Sun Feb 16,Sun Mar 29
 ,Grocery & pharmacy,-30%,Sun Feb 16,Sun Mar 29
 ,Parks,-50%,Sun Feb 16,Sun Mar 29
 ,Workplaces,-37%,Sun Feb 16,Sun Mar 29
 ,Residential,+14%,Sun Feb 16,Sun Mar 29
"South Carolina March 29, 2020 - US_South_Carolina.csv"
 ,Retail & recreation,-38%,Sun Feb 16,Sun Mar 29
 ,Grocery & pharmacy,-11%,Sun Feb 16,Sun Mar 29
 ,Parks,-4%,Sun Feb 16,Sun Mar 29
 ,Workplaces,-34%,Sun Feb 16,Sun Mar 29
 ,Residential,+9%,Sun Feb 16,Sun Mar 29
South Dakota - US_South_Dakota_M.csv
 ,Retail & recreation,-35%,Sun Feb 16,Sun Mar 29
 ,Grocery & pharmacy,-3%,Sun Feb 16,Sun Mar 29
 ,Parks,+126%,Sun Feb 16,Sun Mar 29
 ,Workplaces,-25%,Sun Feb 16,Sun Mar 29
 ,Residential,+8%,Sun Feb 16,Sun Mar 29
"Tennessee March 29, 2020 - US_Tennessee_Mobi.csv"
 ,Retail & recreation,-35%,Sun Feb 16,Sun Mar 29
 ,Grocery & pharmacy,-9%,Sun Feb 16,Sun Mar 29
 ,Parks,+35%,Sun Feb 16,Sun Mar 29
 ,Workplaces,-34%,Sun Feb 16,Sun Mar 29
 ,Residential,+8%,Sun Feb 16,Sun Mar 29
"Texas March 29, 2020 - US_Texas_Mobility.csv"
 ,Retail & recreation,-45%,Sun Feb 16,Sun Mar 29
 ,Grocery & pharmacy,-23%,Sun Feb 16,Sun Mar 29
 ,Parks,-27%,Sun Feb 16,Sun Mar 29
 ,Workplaces,-36%,Sun Feb 16,Sun Mar 29
 ,Residential,+13%,Sun Feb 16,Sun Mar 29
"Utah March 29, 2020 - US_Utah_Mobility_.csv"
 ,Retail & recreation,-41%,Sun Feb 16,Sun Mar 29
 ,Grocery & pharmacy,-14%,Sun Feb 16,Sun Mar 29
 ,Parks,+26%,Sun Feb 16,Sun Mar 29
 ,Workplaces,-40%,Sun Feb 16,Sun Mar 29
 ,Residential,+10%,Sun Feb 16,Sun Mar 29
"Vermont March 29, 2020 - US_Vermont_Mobili.csv"
 ,Retail & recreation,-62%,Sun Feb 16,Sun Mar 29
 ,Grocery & pharmacy,-42%,Sun Feb 16,Sun Mar 29
 ,Parks,-55%,Sun Feb 16,Sun Mar 29
 ,Workplaces,-43%,Sun Feb 16,Sun Mar 29
 ,Residential,+13%,Sun Feb 16,Sun Mar 29
"Virginia March 29, 2020 - US_Virginia_Mobil.csv"
 ,Retail & recreation,-39%,Sun Feb 16,Sun Mar 29
 ,Grocery & pharmacy,-16%,Sun Feb 16,Sun Mar 29
 ,Parks,+46%,Sun Feb 16,Sun Mar 29
 ,Workplaces,-36%,Sun Feb 16,Sun Mar 29
 ,Residential,+11%,Sun Feb 16,Sun Mar 29
"Washington March 29, 2020 - US_Washington_Mob.csv"
 ,Retail & recreation,-48%,Sun Feb 16,Sun Mar 29
 ,Grocery & pharmacy,-26%,Sun Feb 16,Sun Mar 29
 ,Parks,-11%,Sun Feb 16,Sun Mar 29
 ,Workplaces,-41%,Sun Feb 16,Sun Mar 29
 ,Residential,+13%,Sun Feb 16,Sun Mar 29
West Virginia - US_West_Virginia_.csv
 ,Retail & recreation,-38%,Sun Feb 16,Sun Mar 29
 ,Grocery & pharmacy,-16%,Sun Feb 16,Sun Mar 29
 ,Parks,+52%,Sun Feb 16,Sun Mar 29
 ,Workplaces,-33%,Sun Feb 16,Sun Mar 29
 ,Residential,+8%,Sun Feb 16,Sun Mar 29
"Wisconsin March 29, 2020 - US_Wisconsin_Mobi.csv"
 ,Retail & recreation,-55%,Sun Feb 16,Sun Mar 29
 ,Grocery & pharmacy,-30%,Sun Feb 16,Sun Mar 29
 ,Parks,-12%,Sun Feb 16,Sun Mar 29
 ,Workplaces,-34%,Sun Feb 16,Sun Mar 29
 ,Residential,+13%,Sun Feb 16,Sun Mar 29
"Wyoming March 29, 2020 - US_Wyoming_Mobili.csv"
 ,Retail & recreation,-37%,Sun Feb 16,Sun Mar 29
 ,Grocery & pharmacy,-13%,Sun Feb 16,Sun Mar 29
 ,Parks,+29%,Sun Feb 16,Sun Mar 29
 ,Workplaces,-29%,Sun Feb 16,Sun Mar 29
 ,Residential,+8%,Sun Feb 16,Sun Mar 29
"Uruguay March 29, 2020 - UY_Mobility_Repor.csv"
 ,Retail & recreation,-75%,Sun Feb 16,Sun Mar 29
 ,Grocery & pharmacy,-45%,Sun Feb 16,Sun Mar 29
 ,Parks,-79%,Sun Feb 16,Sun Mar 29
 ,Workplaces,-35%,Sun Feb 16,Sun Mar 29
 ,Residential,+22%,Sun Feb 16,Sun Mar 29
"Venezuela March 29, 2020 - VE_Mobility_Repor.csv"
 ,Retail & recreation,-62%,Sun Feb 16,Sun Mar 29
 ,Grocery & pharmacy,-44%,Sun Feb 16,Sun Mar 29
 ,Parks,-57%,Sun Feb 16,Sun Mar 29
 ,Workplaces,-25%,Sun Feb 16,Sun Mar 29
 ,Residential,+16%,Sun Feb 16,Sun Mar 29
"Vietnam March 29, 2020 - VN_Mobility_Repor.csv"
 ,Retail & recreation,-52%,Sun Feb 16,Sun Mar 29
 ,Grocery & pharmacy,-29%,Sun Feb 16,Sun Mar 29
 ,Parks,-33%,Sun Feb 16,Sun Mar 29
 ,Workplaces,-20%,Sun Feb 16,Sun Mar 29
 ,Residential,+16%,Sun Feb 16,Sun Mar 29
"Yemen March 29, 2020 - YE_Mobility_Repor.csv"
 ,Retail & recreation,-8%,Sun Feb 16,Sun Mar 29
 ,Grocery & pharmacy,-1%,Sun Feb 16,Sun Mar 29
 ,Parks,-9%,Sun Feb 16,Sun Mar 29
 ,Workplaces,-5%,Sun Feb 16,Sun Mar 29
 ,Residential,+5%,Sun Feb 16,Sun Mar 29
"South Africa March 29, 2020 - ZA_Mobility_Repor.csv"
 ,Retail & recreation,-79%,Sun Feb 16,Sun Mar 29
 ,Grocery & pharmacy,-60%,Sun Feb 16,Sun Mar 29
 ,Parks,-55%,Sun Feb 16,Sun Mar 29
 ,Workplaces,-49%,Sun Feb 16,Sun Mar 29
 ,Residential,+24%,Sun Feb 16,Sun Mar 29
"Zambia March 29, 2020 - ZM_Mobility_Repor.csv"
 ,Retail & recreation,-21%,Sun Feb 16,Sun Mar 29
 ,Grocery & pharmacy,-8%,Sun Feb 16,Sun Mar 29
 ,Parks,-6%,Sun Feb 16,Sun Mar 29
 ,Workplaces,+0%,Sun Feb 16,Sun Mar 29
 ,Residential,+10%,Sun Feb 16,Sun Mar 29
"Zimbabwe March 29, 2020 - ZW_Mobility_Repor.csv"
 ,Retail & recreation,-2%,Sun Feb 16,Sun Mar 29
 ,Grocery & pharmacy,+24%,Sun Feb 16,Sun Mar 29
 ,Parks,-4%,Sun Feb 16,Sun Mar 29
